,index,구,동,구분,단지명,세대수,사용검사일,주소,위도,경도
0,0,수지구,죽전동,임대,용인 죽전 경기행복주택,85,20220826,경기도 용인시 수지구,37.3222928,127.0972114
1,1,수지구,신봉동,분양,수지스카이뷰푸르지오,363,20220628,경기도 용인시 수지구 신봉3로7번길 31,37.3267136,127.0690252
2,4,기흥구,언남동,분양,힐스테이트 구성,699,(20210731~20230730),경기도 용인시 기흥구 용인향교로 29,37.2968835,127.1196012
3,5,기흥구,동백동,분양,신동백 두산위브더제니스,1187,20210630,경기도 용인시 기흥구 동백죽전대로 507,37.3068791,127.1307873
4,6,수지구,죽전동,분양,죽전역 솔하임,234,20210309,경기도 용인시 수지구 정든로 5,37.3285451,127.1147347
5,7,수지구,상현동,분양,광교상현 솔하임,224,20210204,경기도 용인시 수지구 상현로 6,37.3025152,127.0746681
6,8,수지구,성복동,분양,성복역 롯데캐슬 클라시엘(파크나인2차),1094,20210129,경기도 용인시 수지구 성복1로 35,37.3196014,127.0617329
7,9,수지구,죽전동,분양,까뮤이스테이트,193,20200831,경기도 용인시 수지구 용구대로 2793,37.33511645,127.10936054487001
8,10,수지구,성복동,분양,성복역롯데캐슬파크나인1차,534,20200630,경기도 용인시 성복1로 13,37.31846835,127.06247587844518
9,11,수지구,동천동,분양,더샵 동천이스트포레,980,20200814,경기도 용인시 수지구 수풍로 89,37.3279766,127.0910384
10,12,수지구,상현동,분양,상현더샵파크사이드,479,2019.08.28,경기도 용인시 수지구 만현로67번길 20,37.3093987,127.0878009
11,13,기흥구,영덕동,분양,기흥힉스유타워,230,2019.11.01,경기도 용인시 기흥구 중부대로 184,37.2665761,127.1351027
12,14,기흥구,신갈동,분양,이안두드림,297,2019.9.10,경기도 용인시 기흥구 중부대로 376,37.2665761,127.1351027
13,16,수지구,동천동,분양,동천파크자이,388,20190730,경기도 용인시 수지구 동천로153번길 79,37.3311648,127.0896719
14,17,수지구,성복동,분양,성복역 롯데캐슬 골드타운,2356,20190630,경기도 용인시 수지구 성복2로 10,37.3125196,127.0835068
15,19,수지구,동천동,분양,동천자이2차,1057,20190530,경기도 용인시 수지구 고기로45번길 40-18,37.3415923,127.0939277
16,20,기흥구,신갈동,분양,신흥덕 롯데캐슬레이시티,1597,20190429,경기도 용인시 기흥구 신정로 25,37.3011135,127.103161
17,21,처인구,역북동,분양,역북신원아침도시,452,20190201,경기도 용인시 처인구 낙은로 11,37.2429352,127.1952091
18,22,처인구,김량장동,분양,용인 에스원 스마트빌,299,20140630,경기도 용인시 백옥대로 1104,37.3068472,127.237604
19,24,수지구,풍덕천동,분양,수지파크푸르지오,430,20190328,경기도 용인시 수지구 풍덕천로171번길 9,37.3258793,127.0995279
20,25,수지구,성복동,분양,성복역KCC스위첸,188,20190322,경기도 용인시 수지구 성복1로 62,37.3196014,127.0617329
21,27,처인구,김량장동,분양,유메이드 주상복합,299,20170210,경기도 용인시 처인구 금령로 43,37.2351079,127.2010986
22,29,수지구,성복동,분양,용인성복서희스타힐스애비뉴,174,20180921,경기도 용인시 수지구 성복1로 80,37.3196014,127.0617329
23,31,수지구,신봉동,분양,수지신봉동도센트리움,184,20190131,경기도 용인시 수지구 신봉3로 6,37.3280451,127.0677934
24,33,수지구,풍덕천동,분양,한샘 더랜드마크,220,20181129,경기도 용인시 수지구 포은대로 477,37.2990184,127.0638181
25,35,수지구,동천동,분양,동천 자이,1437,20180830,경기도 용인시 수지구 동천동 고기로 89,37.3426472,127.0975365
26,37,수지구,죽전동,분양,죽전 효성해링턴플레이스,113,20180228,경기도 용인시 수지구 용구대로 2750,37.3311898,127.1098971
27,40,기흥구,신갈동,분양,기흥우방아이유쉘,400,20180823,경기도 용인시 신정로41번길 31,37.2777465,127.1001766
28,41,기흥구,동백동,분양,동백라온프라이빗 테리스파크,133,20180803,경기도 용인시 기흥구 동백8로 160,37.2852759,127.1552288
29,50,처인구,고림동,분양,양우내안애 에듀파크 아파트,737,20180427,경기도 용인시 경안천로 112,37.2422905,127.214091
30,51,수지구,성복동,분양,광교상현 꿈에그린,639,20180228,경기도 용인시 수지로 17,37.3053521,127.0734646
31,55,처인구,역북동,분양,역북 지웰푸르지오,1259,20171124,경기도 용인시 명지로40번길 35-16,37.2300305,127.1836045
32,57,기흥구,서천동,분양,서천효성해링턴플레이스,458,20171101,경기도 용인시 기흥구 서그내로 31,37.2452093,127.0738492
33,58,처인구,역북동,분양,골드클래스,623,20170929,경기도 용인시 처인구 명지로40번길 35-29,37.2300305,127.1836045
34,61,기흥구,동백동,분양,동백코아루스칸디나하우스,98,20170728,경기도 용인시 동백7로 128,37.282445,127.1583908
35,62,기흥구,서천동,분양,영통로 효성해링턴플레이스,640,20170629,경기도 용인시 서그내로16번길 30,37.2451628,127.0702521
36,63,수지구,상현동,분양,레이크포레,235,20170623,경기도 용인시 광교호수로 431,37.3026799,127.0841428
37,64,수지구,성복동,분양,아이비힐,66,20170615,경기도 용인시 성복1로249번길 5,37.3216015,127.0580325
38,66,기흥구,마북동,분양,구성 지음재 아파트,80,20170524,경기도 용인시 기흥구 구성로53번길 8,37.29575595,127.11587224144048
39,67,수지구,상현2동,분양,수지 동도센트리움,168,20170331,경기도 용인시 수지구 이현로 125,37.3122455,127.0913209
40,68,처인구,역북동,임대,역북2단지 우남퍼스트빌,505,20161024,용인시 처인구 낙은로 59,37.30410985,127.08027223092887
41,69,처인구,역북동,임대,역북1단지 우남퍼스트빌,409,20161024,용인시 처인구 낙은로 60,37.237902,127.0776234
42,70,기흥구,동백동,분양,하우스디 동백테라스,90,20170102,경기도 용인시 기흥구 동백7로107번길 10,37.3308358,127.1007345
43,71,기흥구,중동,분양,신동백 동도센트리움,254,20161214,경기도 용인시 기흥구 언동로 201,37.3220175,127.1021596
44,72,기흥구,마북동,분양,구성역 효성해링턴 플레이스,296,20161123,경기도 용인시 기흥구 구성로 53번길 20,37.3279766,127.0910384
45,73,기흥구,서천동,분양,힐스테이트 서천,754,20160929,용인시 기흥구 서천동로 22,37.323921,127.0948439
46,74,처인구,천리,분양,용인 에이스카운티,430,20160808,경기도 용인시 처인구 이동읍 백옥대로 737,37.3271735,127.0855843
47,75,기흥구,보정동,분양,죽전 1차 힐데스하임,40,20160729,경기도 용인시 기흥구 신촌로 93,37.3272382,127.0913473
48,76,수지구,상현동,분양,용인 수지 휴엔하임,112,20160411,경기도 용인시 수지구 상현로 152,37.3279766,127.0910384
49,77,기흥구,서천동,분양,서천2차IPARK,289,20160226,경기도 용인시 기흥구 서천동로21번길 11-22,37.3124268,127.0787946
50,78,수지구,풍덕천동,분양,래미안수지 이스트파크,845,2015.10.29.,경기도 용인시 수지구 신수로683번길 19,37.3279766,127.0910384
51,79,기흥구,보정동 ,분양,보정동 샬레파인비스타,155,2015.11.12.,경기도 용인시 기흥구 진산로 140,37.3124268,127.0787946
52,80,수지구,풍덕천동,분양,수지 삼성 1차아파트,576,1994.12.20,경기도 용인시 수지구 수풍로 13,37.3331569,127.0960666
53,81,수지구,풍덕천동,분양,수지 한성아파트,774,1995.03.28,경기도 용인시 수지구 문정로 55,37.3333285,127.1056551
54,82,수지구,풍덕천동,분양,수지 건영아파트,190,1995.02.24,경기도 용인시 수지구 수풍로23번길 25,37.3278186,127.1291756
55,83,수지구,풍덕천동,분양,수지 삼성2차아파트,420,1995.12.06,경기도 용인시 수지구 수풍로 38,37.3264335,127.1184717
56,84,수지구,풍덕천동,분양,수지 보원아파트,619,1994.12.22,경기도 용인시 수지구 수풍로 16,37.3279766,127.0910384
57,85,수지구,풍덕천동,분양,수지 동부아파트,612,1995.07.31,경기도 용인시 수지구 수지로 323,37.3258793,127.0995279
58,86,수지구,풍덕천동,분양,수지 동문아파트,368,1994.12.20,경기도 용인시 수지구 수풍로 47,37.3171729,127.0867672
59,87,수지구,풍덕천동,분양,우성그린빌,100,1997.08.30,경기도 용인시 수지구 수지로 398,37.3168587,127.0874755
60,88,수지구,풍덕천동,분양,수지 삼익풍림동아 아파트,1620,1994.12.20,경기도 용인시 수지구 문인로 59,37.3279766,127.0910384
61,89,수지구,죽전동,분양,창죽마을 월드메르디앙아파트,47,2008.08.21,경기도 용인시 수지구 용구대로2771번길 28,37.3235837,127.0936831
62,90,수지구,죽전동,분양,도담마을 휴먼빌,260,2010.06.11(2010.04.16),경기도 용인시 수지구 대지로 77,37.3258377,127.0967851
63,91,수지구,죽전동,분양,죽전역 월드메르디앙,104,2010.05.27,경기도 용인시 수지구 달맞이로 13,37.3124268,127.0787946
64,92,수지구,풍덕천동,분양,수지CJ빌리지,36,2000.11.09,경기도 용인시 수지구 수풍로 62,37.3150939,127.0948532
65,93,수지구,풍덕천동,분양,원흥아파트,50,1985.11.09,경기도 용인시 수지구 풍덕천로171번길 3,37.3194337,127.0999373
66,94,수지구,풍덕천동,분양,수지 동보4차아파트,174,2000.04.28,경기도 용인시 수지구 풍덕천로30번길 20,37.3174854,127.0965414
67,95,수지구,풍덕천동,분양,수지 동보3차아파트,279,1999.03.26(1998.12.28),경기도 용인시 수지구 정평로13번길 20,37.3244962,127.098123
68,96,수지구,풍덕천동,분양,수지 삼성4차아파트,1137,1994.12.20,경기도 용인시 수지구 수풍로 90,37.3244962,127.098123
69,97,수지구,풍덕천동,분양,수지 한국아파트,416,1995.06.19,경기도 용인시 수지구 정평로 116,37.3244962,127.098123
70,98,수지구,풍덕천동,분양,수지 현대1차아파트,1168,1994.12.20,경기도 용인시 수지구 수지로342번길 18,37.3244962,127.098123
71,99,수지구,풍덕천동,분양,정자뜰마을 태영데시앙 1차아파트,648,2004.04.23(2003.12.20.),경기도 용인시 수지구 수지로 166,37.3188145,127.0868435
72,100,수지구,풍덕천동,분양,진산마을 삼성7차,501,2002.11.09,경기도 용인시 수지구 진산로34번길 29,37.318993,127.085118
73,101,수지구,풍덕천동,분양,진산마을 삼성6차,343,2002.02.21,경기도 용인시 수지구 진산로 108,37.325273,127.0953972
74,102,수지구,풍덕천동,분양,진산마을 삼성5차,1828,2003.07.28(2001.07.28),경기도 용인시 수지구 진산로 90,37.325273,127.0953972
75,103,수지구,풍덕천동,분양,신정마을 현대성우A,1239,1999.11.19,경기도 용인시 수지구 풍덕천로 52,37.3225394,127.0884924
76,104,수지구,풍덕천동,분양,신정마을 9단지 주공A,812,2000.05.04,경기도 용인시 수지구 풍덕천로 76,37.3233488,127.0899475
77,105,수지구,풍덕천동,분양,신정마을 주공1단지아파트,1044,2000.03.31,경기도 용인시 수지구 풍덕천로 91,37.3244962,127.098123
78,106,수지구,풍덕천동,분양,신정마을 7단지상록,670,2000.01.31,경기도 용인시 수지구 풍덕천로 75,37.3149192,127.0937358
79,107,수지구,풍덕천동,분양,신정마을 6단지상록,393,2000.01.31,경기도 용인시 수지구 풍덕천로 33,37.3142718,127.0826103
80,108,수지구,풍덕천동,분양,신정마을 진흥아파트,414,1999.12.13,경기도 용인시 수지구 풍덕천로 19,37.3235818,127.1008171590469
81,109,수지구,풍덕천동,분양,신정마을 우성A,443,2000.05.13,경기도 용인시 수지구 정평로 41,37.329649,127.0693699
82,110,수지구,풍덕천동,분양,신정마을 성지A,538,2000.05.27,경기도 용인시 수지구 정평로 61,37.3280603,127.0750061
83,111,수지구,풍덕천동,분양,신정마을 극동.임광A,424,2000.05.26,경기도 용인시 수지구 정평로 73,37.3415099,127.0993801
84,112,수지구,풍덕천동,분양,신정마을 현대프라임,462,2000.02.29,경기도 용인시 수지구 정평로 89,37.32935795,127.12716176690176
85,113,수지구,풍덕천동,분양,수지 동보1차아파트,470,1995.04.07,경기도 용인시 수지구 풍덕천로 161  ,37.3269601,127.1244861480497
86,114,수지구,풍덕천동,분양,수지진산마을푸르지오,438,2012.07.27,경기도 용인시 수지구 진산로34번길 24,37.3223284,127.1130322
87,115,수지구,풍덕천동,분양,정자뜰마을 태영데시앙 2차아파트,249,2006.04.18(2005.10.21),경기도 용인시 수지구 풍덕천로22번길 67,37.3295164,127.1332921
88,116,수지구,풍덕천동,분양,수지푸르지오 월드마크,198,2013.05.24.,경기도 용인시 수지구 포은대로 467,37.2961016,127.076756
89,117,수지구,신봉동,분양,광교산 자이아파트,445,2015.04.23.,경기도 용인시 수지구 신봉2로 93,37.2961016,127.076756
90,118,수지구,신봉동,분양,수지웰스톤시티,265,2015.04.23.,경기도 용인시 수지구 신봉2로 60,37.3262579,127.0736731
91,119,수지구,동천동 ,분양,동천파크뷰,79,2014.08.08.,경기도 용인시 수지구 신수로783번길 36,37.3326587,127.0648523
92,120,수지구,죽전동,임대,내대지마을 주공2단지아파트,136,2005.07.20,경기도 용인시 수지구 대지로 158 ,37.3126925,127.0789381
93,121,수지구,죽전동,임대,성현마을 주공3단지아파트,388,2005.07.20,경기도 용인시 수지구 죽전로193번길 11 ,37.3126925,127.0789381
94,122,수지구,죽전동,임대,도담마을 주공8단지아파트,643,2005.08.05,경기도 용인시 수지구 죽전로27번길 60  ,37.3196014,127.0617329
95,123,수지구,죽전동,임대,내대지마을 주공아파트,225,2006.04.17,경기도 용인시 수지구 디지털벨리로 21 ,37.3143159,127.0700016
96,124,수지구,상현동,임대,휴먼시아아파트(광교),1117,2011.11.16.,경기도 용인시 수지구 광교마을로 90 ,37.3333285,127.1056551
97,125,수지구,상현동,임대,광교마을 45단지,672,2014.01.29.,경기도 용인시 수지구 광교마을로 11,37.318,127.0591696
98,126,수지구,신봉동,분양,신봉마을 LG빌리지5차 A단지,532,2002.08.31,경기도 용인시 수지구 신봉1로 110,37.321986,127.0797096
99,127,수지구,신봉동,분양,신봉마을 동부센트레빌 6단지,450,2010.09.24,경기도 용인시 수지구 신봉1로 216,37.329649,127.0693699
100,128,수지구,성복동,분양,성동마을 LG빌리지2차,758,2001.03.03,경기도 용인시 수지구 수지로113번길 15,37.3333285,127.1056551
101,129,수지구,성복동,분양,성동마을 강남빌리지,428,2001.02.19,경기도 용인시 수지구 수지로113번길 16,37.3317663,127.1214258
102,130,수지구,성복동,분양,용인 성복아이파크,351,2012.07.17(12.05.31),경기도 용인시 수지구 성복1로 222,37.3273104,127.1087904
103,131,수지구,성복동,분양,버들치마을 성복 힐스테이트 1차,645,2011.07.01,경기도 용인시 수지구 성복1로 91,37.3273104,127.1087904
104,132,수지구,죽전동,분양,창죽마을 수지 벽산2단지,684,1997.09.27,경기도 용인시 수지구 용구대로2771번길 66,37.3350493,127.1071307
105,133,수지구,성복동,분양,버들치마을 성복자이2차,783,2011.10.28(2010.12.03),경기도 용인시 수지구 성복2로 251,37.3350493,127.1071307
106,134,수지구,신봉동,분양,신봉마을 LG빌리지5차 B단지,556,2002.08.31,경기도 용인시 수지구 신봉1로 112-2,37.3322064,127.1101344
107,135,수지구,신봉동,분양,신봉마을 LG자이 1차,1990,2004.02.17,경기도 용인시 수지구 신봉2로 26,37.32923025,127.11815084917876
108,136,수지구,죽전동,분양,창죽마을 벽산첼시빌아파트,179,2001.09.29,경기도 용인시 수지구 용구대로2771번길 88,37.3350493,127.1071307
109,137,수지구,죽전동,분양,대지마을 2차 현대홈타운 ,346,2001.08.02,경기도 용인시 수지구 현암로 54,37.3248592,127.1166338
110,138,수지구,죽전동,분양,현암마을 대우넷씨빌아파트,119,2000.10.13,경기도 용인시 수지구 용구대로 2724,37.3278186,127.1291756
111,139,수지구,죽전동,분양,현암마을 동성2차아파트,838,1999.05.13,경기도 용인시 수지구 용구대로 2720,37.3278186,127.1291756
112,140,수지구,죽전동,분양,창죽마을 벽산4단지,465,1999.03.17,경기도 용인시 수지구 용구대로2801번길 41,37.3278186,127.1291756
113,141,수지구,죽전동,분양,창죽마을 수지 벽산3단지(302-305동),266,1997.09.24,경기도 용인시 수지구 용구대로2801번길 17,37.3281613,127.1256718
114,142,수지구,죽전동,분양,죽전아이뷰,432,1999.08.30,경기도 용인시 수지구 현암로 3,37.3304502,127.1105883
115,143,수지구,죽전동,분양,도담마을 아이파크,360,1998.12.18,경기도 용인시 수지구 대지로 82,37.3360919,127.1044575
116,144,수지구,죽전동,분양,창죽마을 수지 벽산3단지(301동),159,1997.09.24,경기도 용인시 수지구 용구대로2801번길 16,37.3278186,127.1291756
117,145,수지구,죽전동,분양,도담마을 7단지 뜨리에체아파트,430,1999.02.27,경기도 용인시 수지구 푸른솔로 49,37.3309747,127.0667775
118,146,수지구,죽전동,분양,대지마을 대주한신아파트,311,1998.04.24,경기도 용인시 수지구 대지로 27,37.3243227,127.0809731
119,147,수지구,죽전동,분양,대지마을 수지길훈1차아파트,336,1999.02.27,경기도 용인시 수지구 대지로 19,37.3235099,127.0831165
120,148,수지구,죽전동,분양,대지마을 죽전퍼스트하임,480,1999.02.20,경기도 용인시 수지구 대지로 49,37.3234854,127.0818817
121,149,수지구,죽전동,분양,죽전 현대1차아파트,702,1999.04.14,경기도 용인시 수지구 죽전로 244,37.3206602,127.081801
122,150,수지구,죽전동,분양,죽전 동성1차,684,1997.06.19,경기도 용인시 수지구 용구대로 2742,37.321986,127.0797096
123,151,수지구,죽전동,분양,창죽마을 수지 벽산1단지,612,1997.09.27,경기도 용인시 수지구 용구대로2771번길 68 ,37.3293637,127.0742298
124,152,수지구,죽전동,분양,내대지마을 용인죽전동부센트레빌,536,1998.12.17,경기도 용인시 수지구 대지로 139,37.3209527,127.0785521
125,153,수지구,신봉동,분양,신봉마을 동부센트레빌 5단지,490,2010.09.24,경기도 용인시 수지구 신봉1로 214,37.3278186,127.1291756
126,154,수지구,신봉동,분양,서홍마을 한일아파트,296,2003.12.30,경기도 용인시 수지구 신봉1로48번길 29 ,37.3327473,127.1137096
127,155,수지구,신봉동,분양,서홍마을 벽산블루밍,246,2004.01.26,경기도 용인시 수지구 신봉1로48번길 45,37.32574755,127.11767835
128,156,수지구,신봉동,분양,서홍마을 한화꿈에그린,404,2004.01.20,경기도 용인시 수지구 신봉1로48번길 32,37.3278186,127.1291756
129,157,수지구,신봉동,분양,서홍마을 4단지(효성.현산),388,2004.01.10,경기도 용인시 수지구 신봉1로 28,37.328391,127.0698677
130,158,수지구,신봉동,분양,서홍마을 우남퍼스트빌,962,2004.01.14,경기도 용인시 수지구 신봉1로 27,37.3257981,127.0683901
131,159,수지구,신봉동,분양,신봉마을 자이 2차아파트,1626,2005.8.24(2004.12.29),경기도 용인시 수지구 신봉2로 72,37.3262307,127.0658155
132,160,수지구,신봉동,분양,신봉마을 자이3차,401,2007.03.30,경기도 용인시 수지구 신봉1로71번길 25,37.3328798,127.1151562
133,161,수지구,죽전동,분양,내대지마을 죽전이편한세상아파트,141,2003.08.28,경기도 용인시 수지구 대지로 148,37.3286144,127.0648305
134,162,수지구,죽전동,분양,대지마을 현대홈타운 3차 2단지,537,2003.04.04,경기도 용인시 수지구 대지로15번길 60 ,37.3285451,127.1147347
135,163,수지구,죽전동,분양,도담마을  현대홈타운 4차 1단지,351,2003.04.02,경기도 용인시 수지구 푸른솔로 55,37.3147153,127.0785801
136,164,수지구,죽전동,분양,도담마을 롯데캐슬,231,2002.03.29,경기도 용인시 수지구 대지로 64,37.3147153,127.0785801
137,165,수지구,신봉동,분양,신봉마을 동부센트레빌1단지,298,2010.05.03,경기도 용인시 수지구 신봉1로172번길 8,37.3415982,127.0987587
138,166,수지구,신봉동,분양,신봉마을 동일하이빌2단지,232,2010.06.22,경기도 용인시 수지구 신봉3로11번길 10-7,37.33995,127.097366
139,167,수지구,신봉동,분양,신봉마을 동일하이빌3단지,594,2010.09.17(2010.07.30),경기도 용인시 수지구 신봉3로 25,37.3412194,127.0971952
140,168,수지구,죽전동,분양,대지마을 중앙하이츠빌,271,2001.11.10,경기도 용인시 수지구 현암로63번길 2,37.3359152,127.0854465
141,169,수지구,신봉동,분양,신봉마을 동일하이빌 4단지,636,2010.10.04,경기도 용인시 수지구 신봉3로12번길 9,37.3365954,127.0890317
142,170,수지구,죽전동,분양,도담마을 죽전파크빌,561,1997.06.14,경기도 용인시 수지구 정든로 22,37.3311648,127.0896719
143,171,수지구,성복동,분양,성동마을 수지자이2차,500,2010.09.27,경기도 용인시 수지구 성복2로 184,37.3370339,127.0912812
144,172,수지구,성복동,분양,버들치마을 성복 힐스테이트 3차,823,2010.06.06,경기도 용인시 수지구 성복2로 220,37.3124268,127.0787946
145,173,수지구,동천동 ,분양,보뜨랑마을 벽산블루밍아파트,182,2004.11.12.(2004.06.30.),경기도 용인시 수지구 신수로783번길 50,37.2966082,127.0731551
146,174,수지구,동천동 ,분양,동천마을동문굿모닝힐6차,220,2009.09.15(2007.10.31),경기도 용인시 수지구 동천로 53,37.3008568,127.0757415
147,175,수지구,동천동 ,분양,동천마을동문굿모닝힐5차,1334,2009.09.11(2007.10.31),경기도 용인시 수지구 동천로 64,37.2975266,127.0744814
148,176,수지구,동천동 ,분양,한빛마을 래미안이스트팰리스 4단지,620,2010.05.31,경기도 용인시 수지구 동천로153번길 6,37.2961016,127.076756
149,177,수지구,동천동 ,분양,한빛마을 래미안이스트팰리스 3단지,885,2010.05.31,경기도 용인시 수지구 동천로135번길 21,37.3069612,127.0740661
150,178,수지구,동천동 ,분양,한빛마을 래미안이스트팰리스 1단지,460,2010.05.31,경기도 용인시 수지구 동천로153번길 7,37.3026709,127.0785225
151,179,수지구,동천동 ,분양,한빛마을 래미안이스트팰리스 2단지,428,2010.05.31,경기도 용인시 수지구 동천로113번길 10,37.3042216,127.0776935
152,180,수지구,상현동,분양,심곡마을 광교힐스테이트,860,2009.10.29,경기도 용인시 수지구 수지로 75,37.3045451,127.0793576
153,181,수지구,상현동,분양,광교마을 웅진스타클래스 1단지,168,2011.12.28,경기도 용인시 수지구 법조로 251,37.3026709,127.0785225
154,182,수지구,상현동,분양,광교마을 웅진스타클래스 2단지,220,2011.12.28,경기도 용인시 수지구 법조로 252,37.3026709,127.0785225
155,183,수지구,상현동,분양,광교경남아너스빌,700,2011.11.30,경기도 용인시 수지구 광교마을로 2,37.3029093,127.0801526
156,184,수지구,상현동,분양,광교마을 상록자이 아파트,1035,2012.07.27,경기도 용인시 수지구 광교마을로 62,37.3024198,127.0806231
157,185,수지구,상현동,분양,심곡마을 현대프레미오아파트,300,2001.02.12,경기도 용인시 수지구 수지로 41,37.3024198,127.0806231
158,186,수지구,상현동,분양,상현마을 쌍용1차아파트(A단지),421,2001.12.05,경기도 용인시 수지구 상현로 27,37.3053521,127.0807309
159,187,수지구,상현동,분양,상현마을 현대성우2차아파트,198,2001.12.26,경기도 용인시 수지구 상현로11번길 26,37.305808600000006,127.08298395371156
160,188,수지구,상현동,분양,상현마을 금호베스트빌1단지,573,2001.03.31,경기도 용인시 수지구 상현로 59,37.3026709,127.0785225
161,189,수지구,상현동,분양,상현마을 쌍용2차아파트(B단지),315,2001.12.05,경기도 용인시 수지구 상현로 30-6,37.3086734,127.0846013
162,190,수지구,상현동,분양,상현마을 쌍용3차아파트(C단지),251,2001.12.05,경기도 용인시 수지구 상현로 30-9,37.2990184,127.0638181
163,191,수지구,상현동,분양,상현마을 금호베스트빌2단지,407,2001.03.31,경기도 용인시 수지구 상현로 58,37.2990184,127.0638181
164,192,수지구,상현동,분양,상현마을 금호베스트빌3단지,159,2002.02.27,경기도 용인시 수지구 상현로42번길 40,37.3026709,127.0785225
165,193,수지구,상현동,분양,상현마을 동일스위트,312,2001.12.31,경기도 용인시 수지구 상현로42번길 46,37.3069962,127.0782904
166,194,수지구,상현동,분양,상현마을 금호 베스트빌4단지,224,2002.02.27,경기도 용인시 수지구 상현로 67-12,37.3097216,127.079244
167,195,수지구,상현동,분양,상현마을 수지센트럴아이파크,895,2006.08.28,경기도 용인시 수지구 상현로 101,37.3415982,127.0987587
168,196,수지구,상현동,분양,상현마을 성우5차아파트 ,310,2003.10.21(2003.05.30),경기도 용인시 수지구 상현로 119-6,37.3499956,127.0860639
169,197,수지구,상현동,분양,상현마을 현대2차아파트,498,2001.12.21,경기도 용인시 수지구 상현로 2,37.3361755,127.1009937
170,198,수지구,상현동,분양,서원마을 현대홈타운아파트,462,2001.02.17,경기도 용인시 수지구 포은대로 231,37.318291099999996,127.06428429615647
171,199,수지구,상현동,분양,서원마을 3단지 아이파크,438,2002.09.06,경기도 용인시 수지구 포은대로 219 ,37.319083,127.0657429
172,200,수지구,상현동,분양,상현마을 성원상떼빌아파트,968,2002.12.16,경기도 용인시 수지구 상현로 30-10,37.315569,127.0608299
173,201,수지구,상현동,분양,서원마을 금호베스트빌 5단지,890,2002.12.04,경기도 용인시 수지구 심곡로 16,37.3144422,127.0623748
174,202,수지구,상현동,분양,풍산아파트,438,1997.11.17,경기도 용인시 수지구 수지로78번길 20,37.3147153,127.0785801
175,203,수지구,동천동 ,분양,동천마을 영풍아파트,149,2003.07.14,경기도 용인시 수지구 신수로783번길 22,37.3163269,127.0795161
176,204,수지구,동천동 ,분양,원천마을 푸르지오아파트,190,2003.04.29,경기도 용인시 수지구 고기로 3,37.3147153,127.0785801
177,205,수지구,동천동 ,분양,수진마을 신명스카이뷰,262,2004.01.17,경기도 용인시 수지구 손곡로 53,37.3147153,127.0785801
178,206,수지구,성복동,분양,버들치마을 성복 힐스테이트 2차,689,2010.06.06,경기도 용인시 수지구 성복1로164번길 13,37.32245185,127.0627070604572
179,207,수지구,성복동,분양,버들치마을 성복자이1차,719,2010.06.03,경기도 용인시 수지구 성복1로164번길 20,37.3107401,127.0818587
180,208,수지구,성복동,분양,버들치마을 경남아너스빌 2차,214,2010.03.31,경기도 용인시 수지구 성복1로163번길 11,37.3147153,127.0785801
181,209,수지구,성복동,분양,버들치마을 경남아너스빌 1차,816,2007.06.14,경기도 용인시 수지구 성복1로 157,37.304242,127.0899797
182,210,수지구,성복동,분양,성동마을 수지자이아파트,680,2006.05.30,경기도 용인시 수지구 성복2로 174,37.3096551,127.0902148
183,211,수지구,성복동,분양,푸른마을 푸르지오아파트,430,2004.10.22,경기도 용인시 수지구 성복2로76번길 31,37.3147528,127.0872644
184,212,수지구,성복동,분양,성동마을 LG빌리지 6차,956,2003.03.26,경기도 용인시 수지구 성복2로 158,37.3147528,127.0872644
185,213,수지구,성복동,분양,성동마을 LG빌리지3차,1234,2002.08.28,경기도 용인시 수지구 성복2로 126,37.3147528,127.0872644
186,214,수지구,성복동,분양,성남마을 벽산첼시빌2,951,2002.10.31,경기도 용인시 수지구 성복1로 107,37.3026709,127.0785225
187,215,수지구,성복동,분양,수지제일아이조움,133,2012.07.19,경기도 용인시 수지구 심곡로 87,37.3093987,127.0878009
188,216,수지구,성복동,분양,성동마을 LG빌리지1차,1164,2001.02.19,경기도 용인시 수지구 성복2로 86,37.3026709,127.0785225
189,217,수지구,상현동,분양,만현마을 9단지 엘지자이아파트,1034,2003.06.27,경기도 용인시 수지구 만현로133번길 33,37.3147528,127.0872644
190,218,수지구,상현동,분양,만현마을 3단지 성원상떼빌,554,2002.08.30,경기도 용인시 수지구 만현로67번길 19,37.303458899999995,127.08506714999999
191,219,수지구,상현동,분양,만현마을 8단지 두산위브,556,2002.08.26,경기도 용인시 수지구 만현로 127,37.3147528,127.0872644
192,220,수지구,상현동,분양,만현마을 1단지 롯데캐슬아파트,992,2002.09.18,경기도 용인시 수지구 만현로 25,37.3131086,127.092531
193,221,수지구,상현동,분양,만현마을 5단지아이파크,528,2002.04.30,경기도 용인시 수지구 만현로 79,37.2990184,127.0638181
194,222,수지구,상현동,분양,만현마을 10단지 아이파크,584,2002.07.18,경기도 용인시 수지구 상현로 142,37.3382136,127.0936442
195,223,수지구,상현동,분양,만현마을 2단지아이파크,404,2002.04.30,경기도 용인시 수지구 만현로67번길 9 ,37.3397237,127.0990181
196,224,수지구,상현동,분양,상현마을 현대성우3차아파트,336,2002.04.25,경기도 용인시 수지구 상현로 88,37.3393209,127.0968411
197,225,수지구,상현동,분양,만현마을 쌍용3차,375,2001.09.28,경기도 용인시 수지구 만현로 99,37.3361755,127.1009937
198,226,수지구,상현동,분양,상현마을 현대성우1차,470,2001.09.15,경기도 용인시 수지구 상현로 100,37.3361755,127.1009937
199,227,수지구,상현동,분양,만현마을 쌍용1차아파트,992,2001.06.19,경기도 용인시 수지구 만현로 107,37.3355934,127.0947149
200,228,수지구,상현동,분양,수지 성원아파트,1744,1997.12.20,경기도 용인시 수지구 진산로 24,37.3323336,127.1112499
201,229,수지구,상현동,분양,만현마을 동보2차아파트,702,1998.05.09,경기도 용인시 수지구 포은대로 298,37.3322915,127.1123431
202,230,수지구,동천동 ,분양,동천마을 동문3차아파트,181,2001.11.07.,경기도 용인시 수지구 동천로 93,37.3344424,127.1112336
203,231,수지구,동천동 ,분양,동천마을 현대1차홈타운,466,2002.04.29.,경기도 용인시 수지구 수지로 487,37.3276495,127.122341233198
204,232,수지구,동천동 ,분양,동천마을 현대2차홈타운,1128,2002.04.17,경기도 용인시 수지구 동천로63번길 10,37.3248592,127.1166338
205,233,수지구,동천동 ,분양,수진마을 써니밸리아파트,627,2004.01.26,경기도 용인시 수지구 손곡로 82,37.3248592,127.1166338
206,234,수지구,동천동 ,분양,수진마을 2단지(효성.현산),344,2004.01.10,경기도 용인시 수지구 손곡로 54,37.3248592,127.1166338
207,235,수지구,동천동 ,분양,수진마을 우미이노스빌,396,2004.01.20,경기도 용인시 수지구 손곡로 67,37.3248592,127.1166338
208,236,수지구,죽전동,분양,인현마을 현대홈타운(101-105),162,2004.09.16,경기도 용인시 수지구 탄천상로 7,37.3223284,127.1130322
209,237,수지구,죽전동,분양,인현마을 현대홈타운(201-206),194,2004.09.16,경기도 용인시 수지구 탄천상로 6,37.3223284,127.1130322
210,238,수지구,죽전동,분양,현인마을 이-편한세상1단지,206,2006.02.21,경기도 용인시 수지구 탄천상로 29,37.32105785,127.11612605040865
211,239,수지구,죽전동,분양,성현마을 반도유보라,637,2004.06.30,경기도 용인시 수지구 죽전로193번길 35,37.3281613,127.1256718
212,240,수지구,죽전동,분양,도담마을 우미이노스빌 죽전1차,418,2004.10.05,경기도 용인시 수지구 푸른솔로 88,37.3281613,127.1256718
213,241,수지구,죽전동,분양,도담마을 한양수자인,332,2004.12.01,경기도 용인시 수지구 푸른솔로 76,37.3281613,127.1256718
214,242,수지구,죽전동,분양,꽃메마을 현대홈타운 (4차2단지),254,2004.06.29,경기도 용인시 수지구 푸른솔로 56,37.3124268,127.0787946
215,243,수지구,죽전동,분양,도담마을 푸르지오아파트(601-602동),111,2004.12.23,경기도 용인시 수지구 푸른솔로 41,37.3281613,127.1256718
216,244,수지구,죽전동,분양,꽃메마을 금강아파트,120,2004.09.03,경기도 용인시 수지구 죽전로27번길 14-33,37.3281613,127.1256718
217,245,수지구,죽전동,분양,꽃메마을 한라신영프로방스,388,2004.06.30,경기도 용인시 수지구 죽전로27번길 14-30,37.3295164,127.1332921
218,246,수지구,죽전동,분양,꽃메마을 현대홈타운 (4차 4단지),342,2004.06.29,경기도 용인시 수지구 푸른솔로 20,37.3340969,127.1123065
219,247,수지구,죽전동,분양,꽃메마을 현대홈타운 (4차 3단지),770,2004.06.29,경기도 용인시 수지구 죽전로 87,37.3352881,127.1247359
220,248,수지구,죽전동,분양,꽃메마을 한라프로방스 Ⅱ,195,2004.06.30,경기도 용인시 수지구 죽전로 111,37.3281613,127.1256718
221,249,수지구,죽전동,분양,꽃메마을 아이파크,374,2004.07.30,경기도 용인시 수지구 죽전로 121,37.3317663,127.1214258
222,250,수지구,상현동,분양,벽산블루밍아파트,631,1998.08.31,경기도 용인시 수지구 수지로 68,37.331381199999996,127.122434
223,251,수지구,죽전동,분양,꽃메마을 극동스타클래스,196,2004.06.30,경기도 용인시 수지구 죽전로 116,37.33089925,127.11977815
224,252,수지구,죽전동,분양,성현마을 우미이노스빌 (201-208동) 죽전2차,538,2004.12.20,경기도 용인시 수지구 죽전로 143,37.3317663,127.1214258
225,253,수지구,죽전동,분양,성현마을 광명샤인빌 (401-403동) 죽전1차,192,2005.02.03,경기도 용인시 수지구 디지털벨리로 5,37.3278186,127.1291756
226,254,수지구,죽전동,분양,현인마을 이-편한세상2단지,239,2006.02.21,경기도 용인시 수지구 탄천상로 30,37.330083200000004,127.12676104221565
227,255,수지구,죽전동,분양,새터마을 죽전힐스테이트,1998,2004.06.29,경기도 용인시 수지구 현암로125번길 11,37.332638349999996,127.12884065
228,256,수지구,죽전동,분양,내대지마을 건영캐스빌,1254,2004.11.25,경기도 용인시 수지구 죽전로 267,37.3324076,127.1298883
229,257,수지구,죽전동,분양,내대지마을 우미이노스빌(601동),59,2004.12.20,경기도 용인시 수지구 현암로 134-1,37.33304685,127.13250545
230,258,수지구,죽전동,분양,새터마을 푸르지오아파트,79,2004.12.28,경기도 용인시 수지구 현암로 126,37.3306479,127.1360707
231,259,수지구,죽전동,분양,새터마을 우미이노스빌(101동) 죽전3차,56,2004.12.20,경기도 용인시 수지구 현암로 100-6,37.2771821,127.1462941
232,260,수지구,죽전동,분양,새터마을 우미이노스빌 (201동) 죽전5차,59,2004.12.20,경기도 용인시 수지구 현암로 100-12,37.2665761,127.1351027
233,261,수지구,죽전동,분양,새터마을 모아미래도 (301-305동),252,2005.02.03,경기도 용인시 수지구 대지로 127,37.2438645,127.1050914
234,262,수지구,죽전동,분양,내대지마을 푸르지오아파트,142,2004.10.29,경기도 용인시 수지구 죽전로 235,37.2398673,127.0689493
235,263,수지구,죽전동,분양,내대지마을 정석베르데파크아파트,37,2006.12.22,경기도 용인시 수지구 죽전로264번길 6,37.2852759,127.1552288
236,264,수지구,죽전동,분양,내대지마을 진흥더블파크,160,2004.06.30,경기도 용인시 수지구 죽전로254번길 29,37.283071,127.1655209
237,265,수지구,죽전동,분양,내대지마을 광명샤인빌,91,2005.10.10,경기도 용인시 수지구 죽전로254번길 39,37.2839261,127.1575426
238,267,기흥구,중동 ,분양,신동백 서해그랑블 2차,817,2014.06.03.,경기도 용인시 기흥구 언동로217번길 31,37.2706091,127.1339634
239,269,기흥구,공세동,임대,한보라마을 휴먼시아 7단지,851,2006.11.24.,경기도 용인시 기흥구 한보라2로 168 ,37.2883767,127.1110722
240,270,기흥구,농서동,임대,서천마을 휴먼시아 3단지(임대),980,2011.05.17.,경기도 용인시 기흥구 서천서로 125 ,37.2717225,127.0736214
241,271,기흥구,동백동,임대,백현마을 7단지 주공그린빌,561,2006.03.23.,경기도 용인시 기흥구 동백8로 103 ,37.2717225,127.0736214
242,272,기흥구,동백동,임대,백현마을 9단지 주공그린빌,981,2006.05.17.,경기도 용인시 기흥구 동백8로131번길 20 ,37.2900639,127.1339697
243,277,기흥구,신갈동,임대,녹원마을 새천년그린빌 3단지,693,2006.03.20.,경기도 용인시 기흥구 새천년로16번길 16 ,37.2665761,127.1351027
244,278,기흥구,영덕동,임대,흥덕마을 휴먼시아 3단지(임대),866,2009.09.02.,경기도 용인시 기흥구 흥덕2로 80 ,37.2665761,127.1351027
245,279,기흥구,영덕동,임대,흥덕마을 휴먼시아 4단지(임대),383,2009.06.29.,경기도 용인시 기흥구 흥덕2로 46 ,37.2754251,127.1427304
246,280,기흥구,중동 ,분양,동백 광명샤인빌,138,2014.02.27.,경기도 용인시 기흥구 언동로 193-12,37.2577914,127.1416701
247,281,기흥구,상갈동,분양,금화마을 주공그린빌4단지,742,2001.10.12.,경기도 용인시 기흥구 금화로58번길 10,37.2706091,127.1339634
248,282,기흥구,상갈동,분양,금화마을주공그린빌,40,2001.09.07.,경기도 용인시 기흥구 금화로11번길 15,37.2577914,127.1416701
249,283,기흥구,상갈동,분양,금화마을 주공그린빌 6단지,228,2001.09.07.,경기도 용인시 기흥구 금화로11번길 9,37.2677011,127.1368455
250,284,기흥구,상갈동,분양,금화마을 주공그린빌3단지,1070,2001.10.08.,경기도 용인시 기흥구 금화로11번길 10,37.2619359,127.1361457
251,285,기흥구,상하동,분양,인정프린스아파트,367,1996.12.20.,경기도 용인시 기흥구 중부대로 820,37.2619359,127.1361457
252,286,기흥구,상하동,분양,용인 대우아파트,432,1997.05.09.,경기도 용인시 기흥구 중부대로 735,37.2754251,127.1427304
253,288,기흥구,상하동,분양,수원동마을 쌍용아파트,1342,2002.05.30.,경기도 용인시 기흥구 중부대로788번길 20,37.2769627,127.0711334
254,289,기흥구,상하동,분양,강남마을 한라비발디,890,2004.05.25.,경기도 용인시 기흥구 강남동로 128,37.2674744,127.1567299
255,290,기흥구,상하동,분양,수원동마을 쌍용스윗닷홈 2단지(201-207),465,2004.11.23.,경기도 용인시 기흥구 중부대로788번길 15,37.312003,127.1009117
256,291,기흥구,상하동,분양,갈천마을 신일유토빌아파트,510,2004.12.08.(2003.08.14).,경기도 용인시 기흥구 어정로 62-7,37.2807251,127.1058435
257,292,기흥구,상하동,분양,지석마을 진흥더루벤스(1단지),200,2009.03.13(2008.12.31),경기도 용인시 기흥구 중부대로746번길 20,37.2219698,127.118273
258,294,기흥구,상하동,분양,지석마을 그대가 크레던스,554,2011.04.01(2010.10.01.),경기도 용인시 기흥구 어정로 62-28,37.3192694,127.1136331
259,295,기흥구,서천동,분양,서그내마을 에스케이아파트,807,2002.05.20.,경기도 용인시 기흥구 예현로 15,37.3152573,127.1121144
260,296,기흥구,영덕동,임대,흥덕마을 휴먼시아 1단지(임대),1254,2009.02.06.,경기도 용인시 기흥구 흥덕1로79번길 7 ,37.320069000000004,127.1108656444493
261,297,기흥구,중동 ,임대,초당마을 3단지 주공아파트,816,2006.04.27.,경기도 용인시 기흥구 동백중앙로 41 ,37.3152573,127.1121144
262,298,기흥구,보정동,분양,솔뫼마을 현대홈타운,382,2001.12.20.,경기도 용인시 기흥구 이현로30번길 7,37.3192694,127.1136331
263,299,기흥구,보정동,분양,연원마을 금호베스트빌,144,2002.06.21.,경기도 용인시 기흥구 용구대로 2442-2,37.3099023,127.1094087
264,300,기흥구,보정동,분양,연원마을 삼성명가타운아파트,424,2002.12.13.,경기도 용인시 기흥구 용구대로 2460,37.3152573,127.1121144
265,303,기흥구,보정동,분양,죽현마을 엘지자이,238,2004.06.30.,경기도 용인시 기흥구 보정로 88,37.3082398,127.1101066
266,304,기흥구,보정동,분양,죽전 누리에뜰(주상복합),200,2005.12.30.,경기도 용인시 기흥구 죽전로 20,37.30821,127.1118095
267,305,기흥구,보정동,분양,죽현마을 아이파크,1466,2004.07.26,경기도 용인시 기흥구 보정로 87,37.3058748,127.1138625
268,306,기흥구,보정동,분양,죽현마을 동원로얄듀크,706,2006.04.27.,경기도 용인시 기흥구 죽현로 12,37.3027329,127.1139839
269,307,기흥구,보정동,분양,신촌마을 현대포스홈타운 1단지,884,2004.09.30.,경기도 용인시 기흥구 용구대로2518번길 15,37.3017072,127.1095177
270,311,기흥구,보정동,분양,신촌마을 현대포스홈타운 2단지,423,2004.09.30.,경기도 용인시 기흥구 신촌로47번길 11,37.3393665,127.0940451
271,312,기흥구,보정동,분양,용인 죽전 비스하임 타운하우스,21,2010.09.28.,경기도 용인시 기흥구 신촌로73번길 10,37.3426472,127.0975365
272,313,기흥구,보정동,분양,신촌마을 죽전스타클래스 타운하우스,36,2008.03.31.,경기도 용인시 기흥구 신촌로 77,37.3404884,127.0979986
273,314,기흥구,보정동,분양,용인보정 꿈에그린아파트,379,2012.10.30.,경기도 용인시 기흥구 구교동로 17,37.2702781,127.0820446
274,315,기흥구,보정동,분양,연원마을 성원A,691,2000.11.01.,경기도 용인시 기흥구 연원로 49,37.2907983,127.1491694
275,316,기흥구,상갈동,분양,넥스빌아파트,142,1997.06.26.,경기도 용인시 기흥구 금화로108번길 21,37.2943364,127.1461213
276,317,기흥구,상갈동,분양,금화마을 주공그린빌5단지,681,2001.10.16.,경기도 용인시 기흥구 금화로82번길 17,37.2962509,127.1488303
277,318,기흥구,상갈동,분양,금화마을 대우현대아파트,664,2001.06.20.,경기도 용인시 기흥구 금화로82번길 14,37.2962509,127.1488303
278,319,수지구,동천동 ,분양,동문그린아파트,227,1998. 11. 14.,경기도 용인시 수지구 고기로45번길 58,37.2421635,127.0667479
279,320,수지구,동천동 ,분양,행림마을 진로아파트,269,2000. 04. 11.,경기도 용인시 수지구 고기로 11,37.2451628,127.0702521
280,321,수지구,동천동 ,분양,수지 풍림2차아파트,271,1998.12.31.,경기도 용인시 수지구 동천로 18,37.2768496,127.111252
281,322,기흥구,영덕동,임대,흥덕마을 12단지 신동아파밀리에,759,2009.10.29.,경기도 용인시 기흥구 흥덕3로 20 ,37.2849128,127.1470835
282,323,기흥구,청덕동,임대,구성 물푸레마을 휴먼시아 9단지,948,2008.09.11.,경기도 용인시 기흥구 구성로 392 ,37.2827063,127.1479847
283,324,기흥구,청덕동,임대,구성 물푸레마을 휴먼시아 1단지,618,2008.07.16.,경기도 용인시 기흥구 구성2로 52 ,37.283354,127.1450797
284,325,기흥구,청덕동,임대,구성 물푸레마을 휴먼시아 2단지,389,2008.06.03.,경기도 용인시 기흥구 구성3로 37 ,37.2657819,127.0761335
285,326,기흥구,청덕동,임대,구성 물푸레마을 휴먼시아 5단지,712,2008.06.03.,경기도 용인시 기흥구 구성3로 38 ,37.249791,127.0870457
286,327,기흥구,서천동,분양,예현마을 현대홈타운,622,2002.11.21.,경기도 용인시 기흥구 예현로35번길 21,37.249791,127.0870457
287,328,기흥구,서천동,분양,서그내마을 서천아이파크,243,2009.09.30.,경기도 용인시 기흥구 서그내로16번길 14,37.2907983,127.1491694
288,329,기흥구,신갈동,분양,기흥 더샵 프라임뷰,612,2013.09.03.,경기도 용인시 기흥구 구갈로 71-18,37.2907983,127.1491694
289,330,기흥구,중동 ,분양,신동백서해그랑블1차아파트,236,2013.07.26.,경기도 용인시 기흥구 동백죽전대로527번길 81,37.2907983,127.1491694
290,331,기흥구,중동 ,분양,어정마을 롯데캐슬에코 2단지,868,2013.06.20.,경기도 용인시 기흥구 동백죽전대로527번길 67,37.2907983,127.1491694
291,332,기흥구,중동 ,분양,어정마을 롯데캐슬에코 1단지,1902,2013.06.20.,경기도 용인시 기흥구 동백죽전대로527번길 80,37.2997031,127.1503097
292,333,기흥구,영덕동,분양,용인 청명 센트레빌,233,2013.06.04.,경기도 용인시 기흥구 영통로525번길 35,37.2878502,127.14077
293,335,기흥구,하갈동,분양,청명호수마을 신안인스빌1단지,829,2009.06.08.,경기도 용인시 기흥구 덕영대로 1871,37.2687093,127.1574487
294,336,기흥구,청덕동,분양,물푸레마을 용인구성호반베르디움,308,2008.06.26.,경기도 용인시 기흥구 구성로 411,37.2724036,127.155465
295,337,기흥구,청덕동,분양,구성 물푸레마을 휴먼시아 7단지,398,2009.07.27.,경기도 용인시 기흥구 구성로 395,37.2687093,127.1574487
296,338,기흥구,청덕동,분양,구성 물푸레마을 휴먼시아 6단지,367,2009.07.27.,경기도 용인시 기흥구 구성로 475,37.2767167,127.1574469
297,339,기흥구,청덕동,분양, 물푸레마을 4단지 경남아너스빌 ,240,2008.06.18.,경기도 용인시 기흥구 구성로 470,37.2907983,127.1491694
298,340,기흥구,청덕동,분양,구성 물푸레마을 휴먼시아 3단지,988,2008.10.07.,경기도 용인시 기흥구 구성3로 65,37.2778634,127.07877648618691
299,341,기흥구,청덕동,분양,청덕마을 광도와이드빌아파트,476,2003.08.08.,경기도 용인시 기흥구 언동로71번길 64,37.2766283,127.1515743
300,342,기흥구,지곡동,분양,자봉마을 써니밸리아파트,1092,2004.11.05.,경기도 용인시 기흥구 사은로 274-22,37.2746338,127.1560631
301,343,기흥구,중동 ,분양,어은목마을 대원칸타빌,432,2006.04.19.,경기도 용인시 기흥구 동백2로 37 ,37.2724036,127.155465
302,344,기흥구,중동 ,분양,어은목마을 한라비발디,248,2006.02.27.,경기도 용인시 기흥구 동백4로 72,37.2724036,127.155465
303,345,기흥구,중동 ,분양,성산마을 카운티스,96,2006.10.26.,경기도 용인시 기흥구 동백2로 108,37.2724036,127.155465
304,346,기흥구,중동 ,분양,백현마을 상록롯데캐슬,295,2007.02.06.,경기도 용인시 기흥구 동백5로 79,37.3068791,127.1307873
305,347,기흥구,언남동,분양,유원 휴 하임,149,2013.10.17.,경기도 용인시 기흥구 구성로 109,37.2900639,127.1339697
306,348,기흥구,영덕동,분양,흥덕마을8단지 한국아델리움아파트,474,2010.08.06.,경기도 용인시 기흥구 흥덕2로118번길 25,37.2687093,127.1574487
307,349,기흥구,중동 ,분양,성산마을 신영지웰,590,2006.08.31.,경기도 용인시 기흥구 동백5로 41,37.2687093,127.1574487
308,350,기흥구,중동 ,분양,성산마을 남광하우스토리,134,2007.11.16.(2007.10.19.),경기도 용인시 기흥구 동백5로 62,37.2642753,127.1586514
309,351,기흥구,중동 ,분양,성산마을 어울림 타운하우스,24,2008.10.13.,경기도 용인시 기흥구 동백4로 27,37.2642753,127.1586514
310,352,기흥구,중동 ,분양,성산마을 어울림 타운하우스,24,2008.10.13.,경기도 용인시 기흥구 동백4로 53,37.2674744,127.1567299
311,353,기흥구,중동 ,분양,성산마을 서해그랑블,564,2006.04.27.,경기도 용인시 기흥구 동백4로 26,37.2398673,127.0689493
312,354,기흥구,중동 ,분양,참솔마을 월드메르디앙,966,2006.02.28.,경기도 용인시 기흥구 동백죽전대로 283 ,37.2352614,127.0754885
313,355,기흥구,중동 ,분양,어정마을 서희삼정아파트,390,2003.05.17.,경기도 용인시 기흥구 언동로 193-26,37.2769627,127.0711334
314,356,기흥구,중동 ,분양,어은목마을 코아루아파트,533,2006.03.29.,경기도 용인시 기흥구 동백2로 11,37.2781445,127.0726132
315,357,기흥구,중동 ,분양,어은목마을 코아루아파트,592,2006.03.29.,경기도 용인시 기흥구 동백2로 12,37.2717225,127.0736214
316,358,기흥구,중동 ,분양,초당마을 코아루아파트,289,2006.03.29.,경기도 용인시 기흥구 동백1로 9,37.2781443,127.0741353
317,359,기흥구,중동 ,분양,초당마을 코아루아파트,279,2006.03.29.,경기도 용인시 기흥구 동백1로 12,37.2674744,127.1567299
318,360,기흥구,중동 ,분양,초당마을 현진에버빌,320,2006.02.27.,경기도 용인시 기흥구 동백중앙로 73,37.277388,127.0790011
319,361,기흥구,서천동,분양,서천마을 1단지,826,2012.12.17.,경기도 용인시 기흥구 서천서로 27,37.2879802,127.116244
320,362,기흥구,서천동,분양,서천마을 4단지,556,2012.12.17.,경기도 용인시 기흥구 서천동로 60,37.2879802,127.116244
321,364,기흥구,영덕동,분양,흥덕마을 자연앤스위첸,502,2009.08.13.,경기도 용인시 기흥구 흥덕2로117번길 14,37.2892064,127.1131988
322,365,기흥구,영덕동,분양,흥덕마을 힐스테이트,570,2010.08.19.,경기도 용인시 기흥구 흥덕2로 126,37.2892064,127.1131988
323,366,기흥구,영덕동,분양,흥덕마을 이던하우스,486,2009.05.14.,경기도 용인시 기흥구 흥덕2로118번길 26,37.274531,127.0996713
324,367,기흥구,중동 ,분양,백현마을 동일하이빌,743,2006.03.21.,경기도 용인시 기흥구 동백중앙로 312,37.2796078,127.1080689
325,368,기흥구,영덕동,분양,흥덕마을동원로얄듀크,720,2010.07.29.,경기도 용인시 기흥구 흥덕중앙로105번길 24,37.27605975,127.10608712519522
326,369,기흥구,신갈동,분양,녹원마을 새천년그린빌 5단지,915,2004.08.23.,경기도 용인시 기흥구 기흥로116번길 60,37.2879802,127.116244
327,370,기흥구,신갈동,분양,산양마을 푸르지오아파트,346,2004.07.30.,경기도 용인시 기흥구 기흥로116번길 77,37.2768496,127.111252
328,371,기흥구,신갈동,분양,신갈 정문아파트,85,1997.10.24.,경기도 용인시 기흥구 신갈로124번길 27-2,37.2796078,127.1080689
329,372,기흥구,신갈동,분양,녹원마을 새천년 그린빌 2단지아파트,238,2004.06.17.,경기도 용인시 기흥구 새천년로 27,37.2825862,127.1132466
330,374,기흥구,신갈동,분양,둥지아파트,64,1996.04.17.,경기도 용인시 기흥구 상미로49번길 20,37.2219698,127.118273
331,377,기흥구,신갈동,분양,새릉골마을 풍림아파트,340,2001.03.17.,경기도 용인시 기흥구 기흥로116번길 7,37.2796078,127.1080689
332,379,기흥구,신갈동,분양,고현마을 고려에센스빌,72,2003.07.31.,경기도 용인시 기흥구 용구대로2152번길 7,37.2892064,127.1131988
333,380,기흥구,신갈동,분양,갈현마을 현대홈타운,584,2001.06.21.,경기도 용인시 기흥구 관곡로 16,37.2931772,127.12849493462818
334,381,기흥구,신갈동,분양,양현마을 풍림 신안아파트,776,2001.05.23.,경기도 용인시 기흥구 산양로 17,37.277388,127.0790011
335,382,기흥구,신갈동,분양,인성마을 신갈현대아파트,293,1997.06.04.,경기도 용인시 기흥구 용구대로 2242,37.277388,127.0790011
336,383,기흥구,신갈동,분양,신미주아파트,247,1995.02.24.,경기도 용인시 기흥구 신갈로138번길 12,37.2667361,127.0945468
337,384,기흥구,신갈동,분양,삼익아파트,296,1999.02.20.,경기도 용인시 기흥구 신갈로124번길 3,37.2667361,127.0945468
338,385,기흥구,신갈동,분양,드림랜드아파트,299,1992.08.05.,경기도 용인시 기흥구 용구대로2152번길 39,37.2676795,127.077307
339,386,기흥구,신갈동,분양,도무스빌,46,2011.11.30,경기도 용인시 기흥구 신갈로138번길 11,37.268206000000006,127.09433043792652
340,387,기흥구,신갈동,분양,녹원마을 새천년그린빌 4단지,923,2004.07.16.,경기도 용인시 기흥구 새천년로 40,37.268206000000006,127.09433043792652
341,388,기흥구,언남동,분양,스파 팰리스 리가,533,2013.02.07(2012.07.02),경기도 용인시 기흥구 언남로 5,37.2667361,127.0945468
342,389,기흥구,영덕동,분양,우남퍼스트빌 리젠트,153,2009.04.24.,경기도 용인시 기흥구 흥덕중앙로105번길 40,37.2733608,127.0932083
343,390,기흥구,영덕동,분양,흥덕마을 11단지 경남아너스빌,545,2009.04.28.,경기도 용인시 기흥구 흥덕중앙로105번길 41,37.2702781,127.0820446
344,391,기흥구,영덕동,분양,청현마을 기흥데시앙아파트,400,2005.01.11.(2004.09.04.),경기도 용인시 기흥구 덕영대로2077번길 53,37.296567249999995,127.1284884466923
345,392,기흥구,영덕동,분양,청현마을 대명레이크빌아파트,401,2005.01.07.(2004.07.01.),경기도 용인시 기흥구 덕영대로2077번길 55,37.2879802,127.116244
346,393,기흥구,영덕동,분양,영통빌리지,472,1999.11.06.,경기도 용인시 기흥구 중부대로55번길 11,37.29344365,127.12648249949504
347,394,기흥구,영덕동,분양,영덕 신일 1차아파트,662,1998.12.12.,경기도 용인시 기흥구 덕영대로2077번길 20,37.2907983,127.1491694
348,395,기흥구,영덕동,분양,영덕 신일 2차아파트,239,1998.12.12.,경기도 용인시 기흥구 덕영대로2077번길 20,37.2907983,127.1491694
349,396,기흥구,영덕동,분양,청현마을 신갈 두진아파트,541,1996.11.08.,경기도 용인시 기흥구 덕영대로2077번길 8,37.2907983,127.1491694
350,397,기흥구,영덕동,분양,흥덕마을 13단지 경남아너스빌,368,2009.06.19.,경기도 용인시 기흥구 흥덕4로30번길 11,37.2914742,127.1311812
351,398,기흥구,영덕동,분양,흥덕마을14단지 호반베르디움,236,2010.02.05.,경기도 용인시 기흥구 흥덕3로 60,37.2907983,127.1491694
352,399,기흥구,언남동,분양,캐슬타운,40,2012.06.19.,경기도 용인시 기흥구 언남로29번서길 1,37.2771821,127.1462941
353,401,기흥구,언남동,분양,하마비마을 동일하이빌2차아파트,837,2002.08.01.,경기도 용인시 기흥구 언남로 15,37.3026184,127.1224789
354,402,기흥구,언남동,분양,장미마을 삼성래미안 2차 아파트,1219,2003.12.17.,경기도 용인시 기흥구 구성로 90,37.2803333,127.1508955
355,403,기흥구,언남동,분양,하마비마을 동부센트레빌,418,2002.01.31.,경기도 용인시 기흥구 구성로 99,37.2797935,127.1490123
356,404,기흥구,언남동,분양,언동마을 신일해피트리,591,2001.12.12.,경기도 용인시 기흥구 구성로 184,37.282445,127.1583908
357,405,기흥구,언남동,분양,하마비마을 동일하이빌1차,999,2001.09.21.,경기도 용인시 기흥구 구성로 105-15,37.2807841,127.1591508
358,406,기흥구,언남동,분양,동부아파트,446,1998.12.03.,경기도 용인시 기흥구 구성로 123,37.282445,127.1583908
359,407,기흥구,중동 ,분양,어정마을 동백아이파크,313,2007.03.22.,경기도 용인시 기흥구 언동로217번길 11,37.2821455,127.1546864
360,408,기흥구,보라동,분양,한보라마을 휴먼시아6단지,762,2008.04.17.,경기도 용인시 기흥구 한보라1로 91,37.2790972,127.1548703
361,409,기흥구,마북동,분양,교동마을 신창아파트,490,1996.12.23.,경기도 용인시 기흥구 마북로 186,37.2842213,127.1547263
362,410,기흥구,동백동,분양,해든마을 동백동문굿모닝힐,512,2007.11.30.,경기도 용인시 기흥구 동백죽전대로 455-10,37.2832077,127.1605438
363,411,기흥구,동백동,분양,동원마을 동원로얄듀크,477,2007.07.31.,경기도 용인시 기흥구 동백죽전대로 455-17,37.282445,127.1583908
364,412,기흥구,동백동,분양,백현마을 한라비발디(2단지),304,2006.02.27.,경기도 용인시 기흥구 동백7로 96,37.2852759,127.1552288
365,413,기흥구,동백동,분양,백현마을 코아루아파트,414,2006.03.29.,경기도 용인시 기흥구 동백7로 80,37.2835542,127.1648491
366,414,기흥구,동백동,분양,호수마을 서해그랑블,536,2006.04.20.,경기도 용인시 기흥구 동백7로 56,37.2852759,127.1552288
367,415,기흥구,동백동,분양,호수마을 동보노빌리티,481,2006.02.27.,경기도 용인시 기흥구 동백평촌로 39,37.2852759,127.1552288
368,416,기흥구,동백동,분양,호수마을상록롯데캐슬,552,2007.02.06.,경기도 용인시 기흥구 동백평촌로 70,37.3035542,127.1237155
369,417,기흥구,동백동,분양,호수마을 계룡리슈빌,567,2006.03.02.,경기도 용인시 기흥구 동백평촌로 15,37.2954089,127.1136988
370,419,기흥구,동백동,분양,백현마을 한라비발디(1단지),342,2006.02.27.,경기도 용인시 기흥구 동백7로 97 ,37.1633072,127.3704275
371,420,기흥구,동백동,분양,백현마을 모아미래도(2단지),336,2006.02.27.,경기도 용인시 기흥구 동백8로 126,37.1633072,127.3704275
372,423,기흥구,동백동,분양,호수마을 휴먼시아 5단지,488,2006.11.06.,경기도 용인시 기흥구 동백8로 27,37.2331489,127.1983944
373,424,기흥구,마북동,분양,교동마을 정광아파트,478,1997.11.03.,경기도 용인시 기흥구 마북로154번길 16,37.235672,127.2147919
374,425,기흥구,마북동,분양,구성 우림아파트,362,1998.01.14.,경기도 용인시 기흥구 구성로39번길 13,37.2308737,127.1161576
375,426,처인구,백암면 근창리,분양,동은아파트,50,1994.04.02,경기도 용인시 처인구 백암면 근창로35번길 8,37.2319348,127.1089189
376,429,처인구,포곡읍 전대리,분양,녹십자아파트,30,1990.12.12,경기도 용인시 처인구 포곡읍 전대로 68,37.2308737,127.1161576
377,430,처인구,포곡읍 전대리,분양,조양아파트,88,1995.06.07,경기도 용인시 처인구 포곡읍 전성로 10,37.3152573,127.1121144
378,431,처인구,김량장동,임대,김량장 주공아파트,495,19981025,경기도 용인시 처인구 중부대로1388번길 6-14 ,37.2438645,127.1050914
379,433,기흥구,고매동,분양,동성아파트,216,1997.01.09.,경기도 용인시 기흥구 고매로 26,37.28657,127.1531848
380,434,기흥구,고매동,분양,세원아파트,320,1993.05.01.,경기도 용인시 기흥구 공세로 76,37.2852759,127.1552288
381,435,기흥구,고매동,분양,매화마을 우남드림밸리아파트,168,2002.09.12.,경기도 용인시 기흥구 고매로34번길 10,37.2706091,127.1339634
382,436,기흥구,고매동,분양,매화마을 우림홀인원아파트,299,2003.10.04.,경기도 용인시 기흥구 고매로34번길 31,37.2774626,127.1136877
383,437,기흥구,고매동,분양,기흥 써니밸리 아파트,171,2009.12.31.,경기도 용인시 기흥구 고매로 16,37.2774626,127.1136877
384,438,기흥구,보정동,분양,행원마을 동아솔레시티아파트,1701,2003.03.05(2001.08.11),경기도 용인시 기흥구 보정로 30 ,37.2774626,127.1136877
385,439,기흥구,보라동,분양,한보라마을 화성파크드림,311,2007.07.27.,경기도 용인시 기흥구 한보라2로 93,37.2871034,127.1102318
386,440,기흥구,보라동,분양,한보라마을 2단지 일성트루엘,88,2008.11.19.,경기도 용인시 기흥구 한보라1로21번길 58,37.2825862,127.1132466
387,445,기흥구,구갈동,분양,신명아파트,60,1993.05.17.,경기도 용인시 기흥구 구갈로28번길 34,37.2401914,127.1148758
388,446,기흥구,구갈동,분양,구갈 동부아파트,200,1992.12.01.,경기도 용인시 기흥구 구갈로28번길 32,37.2401914,127.1148758
389,447,기흥구,구갈동,분양,구갈 한성1차아파트,570,1992.11.18.,경기도 용인시 기흥구 기흥로 29,37.2214538,127.0972059
390,448,기흥구,구갈동,분양,가현마을 신안아파트,364,2001.12.17.,경기도 용인시 기흥구 관곡로 53,37.2438645,127.1050914
391,449,기흥구,구갈동,분양,우성에비뉴,96,2007.09.21.,경기도 용인시 기흥구 기흥로38번길 53,37.2438645,127.1050914
392,450,기흥구,구갈동,분양,안골마을 롯데캐슬,99,2005.04.28.,경기도 용인시 기흥구 기흥로38번길 54,37.2330903,127.1145331
393,451,기흥구,구갈동,분양,세종그랑시아 2차,194,1999.11.08.,경기도 용인시 기흥구 기흥로38번길 34,37.2768496,127.111252
394,452,기흥구,구갈동,분양,세종그랑시아 1차,120,1999.10.30.,경기도 용인시 기흥구 기흥로38번길 11,37.2726513,127.1095378
395,453,기흥구,공세동,분양,탑실마을 대주피오레 2단지,1290,2009.07.31.,경기도 용인시 기흥구 탑실로 152,37.2706091,127.1339634
396,454,기흥구,공세동,분양,탑실마을 대주피오레1단지,710,2009.05.26.,경기도 용인시 기흥구 탑실로 15,37.2706091,127.1339634
397,455,기흥구,공세동,분양,공세 호수마을 상떼레이크뷰,345,2010.01.22.,경기도 용인시 기흥구 동탄기흥로 864,37.2706091,127.1339634
398,456,기흥구,공세동,분양,한보라마을 휴먼시아 9단지,600,2006.10.13.,경기도 용인시 기흥구 한보라2로 167,37.2774388,127.12885402608927
399,457,기흥구,공세동,분양,용인 파크드림 프라브,261,2009.11.30.,경기도 용인시 기흥구 한보라2로 141,37.2774388,127.12885402608927
400,458,기흥구,공세동,분양,불곡마을 벽산블루밍아파트,390,2005.07.22.(2005.05.31.),경기도 용인시 기흥구 고매로43번길 32-2 ,37.2774388,127.12885402608927
401,463,기흥구,구갈동,분양,강남마을 코오롱하늘채아파트,530,2004.09.24.,경기도 용인시 기흥구 강남동로 20,37.2726513,127.1095378
402,464,기흥구,구갈동,분양,강남마을 3단지 주공아파트,138,2004.11.30.,경기도 용인시 기흥구 강남서로 52 ,37.2774626,127.1136877
403,465,기흥구,구갈동,분양,강남마을 한라비발디 아델70,70,2005.05.27.,경기도 용인시 기흥구 강남서로 86,37.2774626,127.1136877
404,466,기흥구,구갈동,분양,강남마을 코오롱 하늘채 수 아파트,70,2004.10.29.,경기도 용인시 기흥구 강남서로 94,37.2774626,127.1136877
405,467,기흥구,구갈동,분양,기흥글로리시장아파트,44,1996.08.10.,경기도 용인시 기흥구 신구로42번길 10,37.2768496,127.111252
406,468,기흥구,구갈동,분양,구갈 풍림아파트,180,1996.07.27.,경기도 용인시 기흥구 신구로42번길 22,37.2463817,127.1662199
407,469,기흥구,구갈동,분양,우림아파트,150,1996.04.29.,경기도 용인시 기흥구 신구로42번길 15,37.2343808,127.1962711
408,470,기흥구,구갈동,분양,신동아빌라,21,1986.11.11.,경기도 용인시 기흥구 신구로64번길 8,37.2447914,127.1663381
409,471,기흥구,구갈동,분양,라신빌라,51,1985.04.17.,경기도 용인시 기흥구 신구로 70,37.2907983,127.1491694
410,472,기흥구,구갈동,분양,신갈 두원아파트,72,1994.08.19.,경기도 용인시 기흥구 구갈로28번길 13,37.3026184,127.1224789
411,473,기흥구,구갈동,분양,신갈 두원아파트,42,1994.06.08.,경기도 용인시 기흥구 구갈로28번길 13,37.3017072,127.1095177
412,474,기흥구,구갈동,분양,구갈 한양아파트,624,1993.12.24.,경기도 용인시 기흥구 구갈로28번길 21-11,37.3017072,127.1095177
413,475,기흥구,구갈동,분양,신성아파트,98,1988.10.12.,경기도 용인시 기흥구 구갈로 45,37.3009376,127.1138742
414,477,처인구,삼가동,분양,진우아파트,582,1999.03.13,경기도 용인시 처인구 중부대로 1144,37.2759603,127.2058538
415,478,처인구,삼가동,분양,금령마을 우남퍼스트빌,451,2003.11.28,경기도 용인시 처인구 금학로 91,37.2954906,127.2379055
416,479,기흥구,마북동,분양,용화마을 태영데시앙아파트 1단지(조합),321,2003.10.14.,경기도 용인시 기흥구 구성로 44-10,37.2638753,127.2118611
417,480,기흥구,마북동,분양,교동마을 엘지자이,450,2001.08.11.,경기도 용인시 기흥구 마북로 182,37.2638753,127.2118611
418,481,기흥구,마북동,분양,연원마을 현대아파트,424,2000.05.31.,경기도 용인시 기흥구 연원로 60,37.2665252,127.221606
419,482,기흥구,마북동,분양,연원마을 LG아파트,396,1999.12.29.,경기도 용인시 기흥구 연원로 5,37.2638753,127.2118611
420,483,기흥구,마북동,분양,"연원마을 삼호,벽산아파트",1576,2000.09.30.,경기도 용인시 기흥구 연원로42번길 2,37.2765277,127.2196309
421,484,처인구,포곡읍 전대리,분양,장미아파트,45,1989.07.07,경기도 용인시 처인구 포곡읍 전대로76번길 13,37.2638753,127.2118611
422,487,처인구,포곡읍 삼계리,분양,진형월드아파트,32,2003.07.28,경기도 용인시 처인구 포곡읍 포곡로 289-1,37.2914742,127.1311812
423,488,처인구,포곡읍 둔전리,분양,용인 포곡 삼성쉐르빌아파트,469,2012.09.11,경기도 용인시 처인구 포곡읍 포곡로 159,37.3035542,127.1237155
424,490,처인구,포곡읍 둔전리,분양,신원 1차아파트,474,1998.07.14,경기도 용인시 처인구 포곡읍 포곡로 90,37.2438645,127.1050914
425,491,처인구,포곡읍 둔전리,분양,인정멜로디아파트,831,1998.07.14,경기도 용인시 처인구 포곡읍 포곡로61번길 17,37.2549292,127.1186591
426,492,처인구,포곡읍 둔전리,분양,신원 2차아파트,296,1999.12.20,경기도 용인시 처인구 포곡읍 포곡로 98-1,37.2526147,127.1056681
427,493,처인구,이동읍 천리,분양,이화아파트,92,1990.10.11,경기도 용인시 처인구 이동읍 적동로 15,37.2549292,127.1186591
428,494,처인구,이동읍 천리,분양,용인 라이프아파트,139,1995.03.23,경기도 용인시 처인구 이동읍 이원로 101,37.2549292,127.1186591
429,497,기흥구,보라동,분양,한보라마을 휴먼시아5단지,446,2006.12.01.,경기도 용인시 기흥구 한보라1로43번길 22,37.3026184,127.1224789
430,498,기흥구,보라동,분양,한보라마을 1단지 한양수자인,136,2009.03.31.,경기도 용인시 기흥구 한보라2로 51,37.3026184,127.1224789
431,499,기흥구,보라동,분양,민속마을 현대모닝사이드 1차,1112,2004.01.27(2003.12.29),경기도 용인시 기흥구 사은로126번길 46,37.3013016,127.1184396
432,500,기흥구,보라동,분양,보라마을 현대모닝사이드 2차,771,2003.06.27.,경기도 용인시 기흥구 용구대로 1842,37.3026184,127.1224789
433,501,기흥구,보라동,분양,민속마을 신창미션힐아파트,926,2002.09.17,경기도 용인시 기흥구 사은로126번길 33,37.3026184,127.1224789
434,502,기흥구,보라동,분양,민속마을 쌍용아파트,1596,2002.05.20.,경기도 용인시 기흥구 사은로126번길 10,37.29875845,127.10994880260415
435,503,기흥구,보라동,분양,삼성래미안아파트,370,1998.05.29.,경기도 용인시 기흥구 한보라1로64번길 22,37.3026184,127.1224789
436,504,기흥구,보라동,분양,기흥삼정선비마을,299,1998.10.29.,경기도 용인시 기흥구 사은로 64,37.3009376,127.1138742
437,505,기흥구,마북동,분양,교동마을 마북2차 이편한세상,110,2010.11.30.,경기도 용인시 기흥구 마북로 218,37.1455348,127.2005507
438,507,기흥구,마북동,분양,교동마을 구성자이3차,309,2010.03.29.,경기도 용인시 기흥구 구교동로118번길 7,37.1455348,127.2005507
439,511,기흥구,마북동,분양,교동마을 현대필그린아파트,486,2002.01.02.,경기도 용인시 기흥구 마북로 139,37.2401458,127.1667614
440,512,기흥구,마북동,분양,연원마을 쉐르빌아파트,316,2002.05.30.,경기도 용인시 기흥구 연원로42번길 33,37.2401458,127.1667614
441,513,처인구,이동읍 천리,분양,경일,72,1987.08.24,경기도 용인시 처인구 이동읍 백옥대로 570,37.2401458,127.1667614
442,514,처인구,이동읍 천리,분양,용인 동아아파트,202,1993.12.30,경기도 용인시 처인구 이동읍 이원로 22,37.2361373,127.2835649
443,515,처인구,이동읍 천리,분양,한천마을 금광베네스타,460,2008.07.30,경기도 용인시 처인구 이동읍 백옥대로 711,37.2360583,127.2849254
444,517,처인구,삼가동,분양,행정타운늘푸른오스카빌 2단지,186,2004.12.10,경기도 용인시 처인구 중부대로1158번길 12,37.2429352,127.1952091
445,520,처인구,삼가동,분양,용인행정타운 두산위브 2단지,624,2013.11.29,경기도 용인시 처인구 지삼로590번길 9,37.2447914,127.1663381
446,521,처인구,삼가동,분양,용인행정타운 두산위브 3단지,470,2013.11.29,경기도 용인시 처인구 지삼로590번길 29,37.2447914,127.1663381
447,522,처인구,양지면 양지리,분양,양지아파트,60,1987.12.04,경기도 용인시 처인구 양지면 양지로143번길 7,37.2376497,127.1890821
448,523,처인구,양지면 양지리,분양,양지마을 신원아침도시,156,2007.08.24,경기도 용인시 처인구 양지면 교동로 1,37.2376497,127.1890821
449,526,처인구,역북동,분양,전원빌라,24,1988.01.19,경기도 용인시 처인구 금학로265번길 9-2,37.1395189,127.1999307
450,527,처인구,역북동,분양,삼성아파트,50,1989.10.19,경기도 용인시 처인구 금학로241번길 18-2,37.1363248,127.2011637
451,528,처인구,역북동,분양,조양맨션,46,1989.11.27,경기도 용인시 처인구 금학로 259,37.2684531,127.2041731
452,529,처인구,역북동,분양,조양맨션,24,1988.12.02,경기도 용인시 처인구 금학로 261,37.2662785,127.2137528
453,530,처인구,역북동,분양,라이프청수아파트(청수종합시장),53,1993.10.05,경기도 용인시 처인구 용문로 30-8,37.2662785,127.2137528
454,531,처인구,역북동,분양,삼성에버랜드사원아파트,50,1990.08.20,경기도 용인시 처인구 용문로 42,37.2915271,127.2630991
455,532,처인구,이동읍 천리,분양,샘골마을 풍성 신미주아파트 2단지,234,2005.02.05(2004.11.02),경기도 용인시  처인구 이동읍 백옥대로587번길 7 ,37.2309836,127.1881504
456,533,처인구,이동읍 천리,분양,샘골마을 풍성신미주아파트 1단지,800,2005.02.05(2004.11.02),경기도 용인시 처인구 이동읍 백옥대로621번길 11,37.2309836,127.1881504
457,534,처인구,이동읍 송전리,분양,송전마을 세광엔리치아파트,782,2010.04.30,경기도 용인시 처인구 이동읍 경기동로705번길 28,37.2309836,127.1881504
458,535,처인구,이동읍 송전리,분양,송전빌라,24,1986.11.21,경기도 용인시 처인구 이동읍 경기동로739번길 9-3,37.2429352,127.1952091
459,536,처인구,유방동,분양,성웅아파트,271,1998.05.15,경기도 용인시 처인구 영문로29번길 17,37.236735,127.1914778
460,537,처인구,유방동,분양,인정프린스 3차아파트,380,1996.06.08,경기도 용인시 처인구 경안천로 368,37.236735,127.1914778
461,538,처인구,유방동,분양,인정프린스 2차아파트,330,1995.06.02,경기도 용인시 처인구 경안천로 378,37.2319348,127.1089189
462,539,처인구,유방동,분양,인정프린스 1차아파트,375,1994.04.22,경기도 용인시 처인구 금어로 6,37.2915271,127.2630991
463,540,처인구,역북동,분양,역북마을 보성아파트,162,2000.11.14,경기도 용인시 처인구 명지로 15-33,37.2915271,127.2630991
464,542,처인구,역북동,분양,역북마을 신성아파트,475,1998.12.18,경기도 용인시 처인구 명지로 15-5 ,37.2473331,127.2261933
465,549,처인구,고림동,분양,예원마을 코아루아파트,408,2004.12.08,경기도 용인시 처인구 한터로275번길 40,37.2532302,127.2256267
466,551,처인구,김량장동,분양,김량장 현대아파트,755,1995.12.14,경기도 용인시 처인구 백옥대로1068번길 12,37.1553673,127.3414987
467,552,처인구,김량장동,분양,라이프미성아파트,75,1991.11.30,경기도 용인시 처인구 학산로49번길 20,37.3425006,127.2297456
468,553,처인구,김량장동,분양,공신연립주택,96,1985.10.15,경기도 용인시 처인구 금학로349번길 33-4,37.3425006,127.2297456
469,555,처인구,김량장동,분양,대연아파트,66,1987.08.13,경기도 용인시 처인구 중부대로1343번길 8,37.3332842,127.2497694
470,556,처인구,김량장동,분양,삼보라이프상가아파트,70,1996.01.29,경기도 용인시 처인구 금령로27번길 16-2,37.2447914,127.1663381
471,557,처인구,고림동,분양,임원마을 영화1차 아파트,513,2002.06.26,경기도 용인시 처인구 경안천로256번길 47-16,37.2345793,127.2165773
472,558,처인구,고림동,분양,예진마을 2차아파트,416,2001.04.20,"경기도 용인시 처인구 한터로152번길 15 (고림동, 예진마을인정피렌체빌리지II아파트",37.23593275,127.21124401920397
473,559,처인구,백암면 근창리,분양,청와아파트,93,2010.04.23,경기도 용인시 처인구 백암면 백원로 513,37.2346745,127.2162434
474,560,처인구,모현읍 일산리,분양,효천마을 신안인스빌 2단지,538,2004.12.17,경기도 용인시 처인구 모현읍 문현로 326,37.2298302,127.2144155
475,562,처인구,모현읍 왕산리,분양,용인 모현 스위첸아파트,308,2012.01.31,경기도 용인시 처인구 모현읍 외대로54번길 12,37.2309836,127.1881504
476,564,처인구,마평동,분양,푸른마을 용인자이,502,2006.03.23,경기도 용인시 처인구 금학로 520,37.2461676,127.2299414
477,565,처인구,마평동,분양,두보아파트,248,1999.10.29,경기도 용인시 처인구 금령로173번길 14,37.2517182,127.2247608
478,566,처인구,마평동,분양,동남,70,1986.11.07,경기도 용인시 처인구 경안천로36번길 8,37.2417559,127.2166915
479,567,처인구,마평동,분양,마평 우성아파트,358,1996.05.23,경기도 용인시 처인구 금령로173번길 5 ,37.2359753,127.2176504
480,570,처인구,남동,분양,구미마을 삼라마이다스빌,159,2004.01.02,경기도 용인시 처인구 명지로 307,37.2343808,127.1962711
481,571,처인구,김량장동,분양,금학마을 금호어울림아파트,484,2009.11.24,경기도 용인시 처인구 금령로13번길 13,37.2331489,127.1983944
482,572,처인구,고림동,분양,인정 피렌체 빌리지 1차,639,2000.01.15,경기도 용인시 처인구 한터로152번길 45,37.2331489,127.1983944
483,575,처인구,고림동,분양,용성빌라,39,1986.11.21,경기도 용인시 처인구 고진로 33,37.2429352,127.1952091
484,576,처인구,김량장동,분양,청광가든빌리지2차,24,1989.01.11,경기도 용인시 처인구 금령로40번길 15-8,37.2429352,127.1952091
485,578,처인구,김량장동,분양,아리현마을 삼환나우빌,458,2008.08.08(2007.12.31),경기도 용인시 처인구 중부대로 1348,37.2900639,127.1339697
486,580,처인구,김량장동,분양,삼환아파트,180,1999.11.30,경기도 용인시 처인구 중부대로1388번길 6-4,37.2352614,127.0754885
487,581,처인구,김량장동,분양,청광가든빌리지1차,21,1988.06.09,경기도 용인시 처인구 중부대로1424번길 5-6,37.1455348,127.2005507
488,582,처인구,김량장동,분양,조양유통상가아파트,51,1992.04.11,경기도 용인시 처인구 금령로40번길 13,37.3058748,127.1138625
490,3,수지구,동천동,분양,한화 포레나 수지동천,293,20220221,경기도 용인시 수지구 동천동,37.341837,127.09929754297053
494,26,처인구,김량장동,임대,용인김량장행복주택,70,20190201,경기도 용인시 처인구 금령로,37.2348923,127.2023827
495,28,처인구,양지면 남곡리,분양,양지포레스토리,174,20190117,경기도 용인시 처인구 양지면,37.2354917,127.2798585
496,30,기흥구,중동,분양,하우스디 동백 카바나,284,20190221,경기도 용인시 기흥구 동백죽전대로,37.3068791,127.1307873
498,34,처인구,김량장동,분양,용인웰메이드시티,299,20180814,경기도 용인시 처인구 금령로,37.2348923,127.2023827
499,36,수지구,동천동,분양,동천 더샵 파크사이드,330,20180803,경기도 용인시 수지구 동천로,37.3404884,127.0979986
514,59,수지구,풍덕천동,분양,수지 e편한세상 주상복합,1237,20170825,경기도 용인시 수지구 포은대로,37.2990184,127.0638181
517,266,수지구,죽전동,분양,내대지마을 힐스테이트,120,2004.06.30,경기도 용인시 수지구 죽전로238번길,37.3306479,127.1360707
518,268,기흥구,신갈동,분양,기흥역 롯데캐슬스카이,625,2014.12.22.(2014.11.17.),경기도 용인시 기흥구 중부대로,37.2676173,127.0728663
519,273,기흥구,동백동,임대,호수마을 3단지 주공뜨란채,898,2006.05.30.,경기도 용인시 기흥구 동백8로,37.2852759,127.1552288
521,275,기흥구,상하동,임대,강남마을 8단지 주공아파트,1176,2004.05.29.,경기도 용인시 기흥구 강남동로,37.2706091,127.1339634
523,287,기흥구,상하동,분양,풍림아파트,469,1998.11.14.,경기도 용인시 기흥구 어정로,37.2754251,127.1427304
524,293,기흥구,상하동,분양,지석마을 진흥더루벤스(2단지),851,2009.03.13(2008.12.31),경기도 용인시 기흥구 중부대로746번길,37.2618865,127.1386988
526,302,기흥구,보정동,분양,죽전 힐스테이트 타운하우스,27,2009.12.24.,경기도 용인시 기흥구 죽현로,37.3192694,127.1136331
527,308,기흥구,보정동,분양,신촌마을 상록데시앙,230,2006.9.29.,경기도 용인시 기흥구 보정로,37.3152573,127.1121144
530,334,기흥구,하갈동,분양,"""청명호수마을 신안인스빌2단지
""",174,2009.06.08.,경기도 용인시 기흥구 덕영대로,37.249791,127.0870457
531,363,기흥구,영덕동,분양,흥덕마을 5단지 호반베르디움,527,2009.11.05.,경기도 용인시 기흥구 흥덕1로79번길,37.2769627,127.0711334
532,373,기흥구,신갈동,분양,녹원마을 새천년 그린빌 1단지,414,2006.03.15.,경기도 용인시 기흥구 새천년로,37.2892064,127.1131988
533,375,기흥구,신갈동,분양,동오아파트,99,1989.01.11.,경기도 용인시 기흥구 용구대로2152번길,37.2796078,127.1080689
534,376,기흥구,신갈동,분양,원대마을 신갈한신아파트,367,2002.08.31.,경기도 용인시 기흥구 신갈로,37.2789668,127.1058181
535,378,기흥구,신갈동,분양,도현마을 현대아파트,568,2001.05.25.,경기도 용인시 기흥구 구갈로,37.2768496,127.111252
536,400,기흥구,언남동,분양,초원마을 성원상떼빌,860,2005.05.18.,경기도 용인시 기흥구 기흥로116번길,37.2879802,127.116244
537,418,기흥구,동백동,분양,백현마을 모아미래도,838,2006.02.27.,경기도 용인시 기흥구 동백8로,37.2852759,127.1552288
538,421,기흥구,동백동,분양,백현마을 휴먼시아 8단지,600,2006.11.06.,경기도 용인시 기흥구 동백8로131번길,37.283071,127.1655209
539,422,기흥구,동백동,분양,백현마을 서해그랑블,482,2006.04.20.,경기도 용인시 기흥구 동백8로,37.2852759,127.1552288
540,427,처인구,백암면 근창리,분양,덕현빌라,27,1986.01.29,경기도 용인시 처인구 백암면,37.1634125,127.3754054
541,428,처인구,백암면 근창리,분양,강림아파트,58,1990.12.31,경기도 용인시 처인구 백암면,37.1634125,127.3754054
542,432,처인구,마평동,임대,마평 주공아파트,639,2004.09.24,경기도 용인시 처인구 고림로,37.23604,127.2136598
543,441,기흥구,동백동,분양,호수마을 월드메르디앙,286,2006.06.23.,경기도 용인시 기흥구 동백8로,37.2852759,127.1552288
544,442,기흥구,동백동,분양,호수마을 자연앤데시앙,432,2006.08.18.,경기도 용인시 기흥구 동백8로,37.2852759,127.1552288
545,443,기흥구,구갈동,분양,강남마을 계룡리슈빌,528,2004.06.25.,경기도 용인시 기흥구 강남동로,37.2706091,127.1339634
546,444,기흥구,구갈동,분양,풍림아파트,205,1994.04.29.,경기도 용인시 기흥구 구갈로28번길,37.2774626,127.1136877
547,459,기흥구,구갈동,분양,구갈 한성2차아파트,384,1993.07.05.,경기도 용인시 기흥구 구갈로,37.2768496,127.111252
548,460,기흥구,구갈동,분양,신동아,48,1986.11.11.,경기도 용인시 기흥구 신구로,37.2726513,127.1095378
549,461,기흥구,구갈동,분양,강남마을 자연앤(6단지),437,2004.08.05.,경기도 용인시 기흥구 강남동로,37.2706091,127.1339634
550,462,기흥구,구갈동,분양,강남마을 자연앤(4단지),344,2004.08.07.,경기도 용인시 기흥구 강남동로,37.2706091,127.1339634
551,476,처인구,삼가동,분양,삼가 풍림아파트,377,1998.12.19,경기도 용인시 처인구 삼가로,37.2463817,127.1662199
552,485,처인구,포곡읍 영문리,분양,배머루마을 인정베네치아빌리지,347,2002.03.05,경기도 용인시 처인구 포곡읍,37.2778094,127.2308608
553,486,처인구,포곡읍 삼계리,분양,계수마을 용인수목원 우림필유,346,2007.02.27(2006.12.30),경기도 용인시 처인구 포곡읍,37.2778094,127.2308608
554,489,처인구,포곡읍 둔전리,분양,금전마을 계룡리슈빌,441,2006.04.05,경기도 용인시 처인구 포곡읍,37.2778094,127.2308608
555,495,기흥구,마북동,분양,용화마을 태영데시앙아파트 2단지(일반),132,2003.10.10.,경기도 용인시 기흥구 구성로,37.2907983,127.1491694
556,496,기흥구,마북동,분양,교동마을 쌍용아파트,340,2002.03.08.,경기도 용인시 기흥구 마북로154번길,37.3035542,127.1237155
557,506,기흥구,마북동,분양,교동마을 동양파라곤,278,2010.10.26.,경기도 용인시 기흥구 마북로,37.3026184,127.1224789
558,508,기흥구,마북동,분양,교동마을 마북 이-편한세상,404,2013.05.31,경기도 용인시 기흥구 마북로,37.3026184,127.1224789
559,509,기흥구,마북동,분양,교동마을 현대홈타운,795,2003.08.01.,경기도 용인시 기흥구 마북로,37.3026184,127.1224789
560,510,기흥구,마북동,분양,삼거마을 삼성래미안 1차아파트,1282,2002.12.31.,경기도 용인시 기흥구 용구대로2394번길,37.2994043,127.108865
563,519,처인구,삼가동,분양,용인행정타운 두산위브 1단지,199,2013.11.29,경기도 용인시 처인구 지삼로590번길,37.2401458,127.1667614
565,525,처인구,역북동,분양,자연농원사원조합주택(아),71,1993.07.09,경기도 용인시 처인구 낙은로,37.2429352,127.1952091
566,541,처인구,역북동,분양,역북마을 금강아파트,150,1999.04.14,경기도 용인시 처인구 명지로,37.2309836,127.1881504
567,543,처인구,역북동,분양,라이프한우리1차,86,1991.04.29,경기도 용인시 처인구 낙은로,37.2429352,127.1952091
568,544,처인구,역북동,분양,삼아맨션,99,1987.06.10,경기도 용인시 처인구 중부대로1313번길,37.236735,127.1914778
569,545,처인구,역북동,분양,유성,24,1985.11.11,경기도 용인시 처인구 중부대로1313번길,37.236735,127.1914778
570,546,기흥구,공세동,분양,기흥 호수청구아파트,498,1997.11.14.,경기도 용인시 기흥구 공세로,37.23862,127.10355
571,547,처인구,고림동,분양,금평마을 영화2차아파트,428,2003.12.23,경기도 용인시 처인구 금어로,37.2915271,127.2630991
572,548,처인구,고림동,분양,보평마을 삼정그린뷰아파트,360,2004.04.30,경기도 용인시 처인구 금어로,37.2915271,127.2630991
573,550,처인구,고림동,분양,예진마을 3차아파트,516,2003.07.01,경기도 용인시 처인구 한터로152번길,37.2473331,127.2261933
575,561,처인구,모현읍 일산리,분양,효천마을 신안인스빌 1단지,324,2004.12.17,경기도 용인시 처인구 모현읍,37.3297,127.21703
576,563,처인구,모현읍 왕산리,분양,풍산햇빛마을아파트,330,2000.03.24,경기도 용인시 처인구 모현읍,37.3297,127.21703
577,568,처인구,마평동,분양,마평 라이프아파트,290,1993.06.11,경기도 용인시 처인구 동부로,37.2298302,127.2144155
579,573,처인구,고림동,분양,이삭아파트,300,1998.12.24,경기도 용인시 처인구 경안천로256번길,37.2532302,127.2256267
580,574,처인구,고림동,분양,성림아트맨션,45,1990.02.23,경기도 용인시 처인구 고림로110번길,37.2417559,127.2166915
582,579,처인구,김량장동,분양,신우아파트,178,1999.10.29,경기도 용인시 처인구 중부대로1388번길,37.2331489,127.1983944
